-- MySQL dump 10.13  Distrib 8.0.26, for Win64 (x86_64)
--
-- Host: localhost    Database: paymybuddy
-- ------------------------------------------------------
-- Server version	8.0.26

/*!40101 SET @OLD_CHARACTER_SET_CLIENT=@@CHARACTER_SET_CLIENT */;
/*!40101 SET @OLD_CHARACTER_SET_RESULTS=@@CHARACTER_SET_RESULTS */;
/*!40101 SET @OLD_COLLATION_CONNECTION=@@COLLATION_CONNECTION */;
/*!50503 SET NAMES utf8 */;
/*!40103 SET @OLD_TIME_ZONE=@@TIME_ZONE */;
/*!40103 SET TIME_ZONE='+00:00' */;
/*!40014 SET @OLD_UNIQUE_CHECKS=@@UNIQUE_CHECKS, UNIQUE_CHECKS=0 */;
/*!40014 SET @OLD_FOREIGN_KEY_CHECKS=@@FOREIGN_KEY_CHECKS, FOREIGN_KEY_CHECKS=0 */;
/*!40101 SET @OLD_SQL_MODE=@@SQL_MODE, SQL_MODE='NO_AUTO_VALUE_ON_ZERO' */;
/*!40111 SET @OLD_SQL_NOTES=@@SQL_NOTES, SQL_NOTES=0 */;

--
-- Table structure for table `account`
--

DROP TABLE IF EXISTS `account`;
/*!40101 SET @saved_cs_client     = @@character_set_client */;
/*!50503 SET character_set_client = utf8mb4 */;
CREATE TABLE `account` (
  `account_id` int NOT NULL AUTO_INCREMENT,
  `account_number` varchar(255) CHARACTER SET utf8mb4 COLLATE utf8mb4_0900_ai_ci DEFAULT NULL,
  `amount_balance` decimal(6,2) DEFAULT NULL,
  `currency` varchar(255) CHARACTER SET utf8mb4 COLLATE utf8mb4_0900_ai_ci DEFAULT NULL,
  `user_fk` int NOT NULL,
  PRIMARY KEY (`account_id`),
  UNIQUE KEY `UK_th6qjsf9igmjg6bevumgafyqp` (`user_fk`),
  CONSTRAINT `user_fk` FOREIGN KEY (`user_fk`) REFERENCES `user` (`user_id`) ON DELETE CASCADE ON UPDATE CASCADE
) ENGINE=InnoDB AUTO_INCREMENT=14 DEFAULT CHARSET=utf8mb3;
/*!40101 SET character_set_client = @saved_cs_client */;

--
-- Dumping data for table `account`
--

LOCK TABLES `account` WRITE;
/*!40000 ALTER TABLE `account` DISABLE KEYS */;
INSERT INTO `account` VALUES (1,'711728315',838.00,'euro',1),(2,'61285112',3587.22,'euro',2),(3,'711723150',1093.50,'euro',6),(4,'120357716',644.37,'euro',4),(5,'900653276',1139.50,'euro',5),(6,'451907083',1040.25,'euro',3),(7,'999999999',99.75,'euro',23),(8,'100200300',648.00,'euro',19),(9,'200300400',367.02,'euro',20),(10,'300400500',814.25,'euro',21),(11,'400500600',2.80,'euro',22),(12,'500600700',387.79,'euro',107),(13,'600700800',1186.89,'euro',24);
/*!40000 ALTER TABLE `account` ENABLE KEYS */;
UNLOCK TABLES;

--
-- Table structure for table `app_account`
--

DROP TABLE IF EXISTS `app_account`;
/*!40101 SET @saved_cs_client     = @@character_set_client */;
/*!50503 SET character_set_client = utf8mb4 */;
CREATE TABLE `app_account` (
  `email` varchar(100) CHARACTER SET utf8mb4 COLLATE utf8mb4_0900_ai_ci NOT NULL,
  `password` varchar(255) CHARACTER SET utf8mb4 COLLATE utf8mb4_0900_ai_ci DEFAULT NULL,
  `user_fk` int NOT NULL,
  PRIMARY KEY (`email`),
  UNIQUE KEY `UK_qfnqbeefmgoclpdrw2xe8n1cp` (`user_fk`),
  KEY `appaccount_user_fk_idx` (`user_fk`),
  CONSTRAINT `appaccount_user_fk` FOREIGN KEY (`user_fk`) REFERENCES `user` (`user_id`) ON DELETE CASCADE
) ENGINE=InnoDB DEFAULT CHARSET=utf8mb3;
/*!40101 SET character_set_client = @saved_cs_client */;

--
-- Dumping data for table `app_account`
--

LOCK TABLES `app_account` WRITE;
/*!40000 ALTER TABLE `app_account` DISABLE KEYS */;
INSERT INTO `app_account` VALUES ('admin@gmail.com','admin',23),('al@gmail.com','alal',1),('at@live.fr','3atat',4),('dm@gmail.com','dmdm',109),('ep@gmail.com','epep',22),('hc@gmail.com','hchc',21),('id@gmail.com','idid',24),('jb@gmail.com','jbjb',2),('jd@hotmail.com','jd2jd',3),('lc@gmail.com','lclc',108),('mama@gmail.com','mama',19),('marie.b@gmail.com','marie',138),('mb@gmail.com','mbmb',107),('rg@gmail.com','rgrg',20),('sd@gmail.com','sdsd',111),('sj@free.fr','5sjsj',6),('tc@gmail.com','4tctc',5);
/*!40000 ALTER TABLE `app_account` ENABLE KEYS */;
UNLOCK TABLES;

--
-- Table structure for table `friend`
--

DROP TABLE IF EXISTS `friend`;
/*!40101 SET @saved_cs_client     = @@character_set_client */;
/*!50503 SET character_set_client = utf8mb4 */;
CREATE TABLE `friend` (
  `friend_id` int NOT NULL,
  `user_id` int NOT NULL,
  PRIMARY KEY (`friend_id`,`user_id`),
  KEY `friend_user_fk_idx` (`user_id`),
  CONSTRAINT `friend_user_fk` FOREIGN KEY (`user_id`) REFERENCES `user` (`user_id`) ON DELETE CASCADE ON UPDATE CASCADE
) ENGINE=InnoDB DEFAULT CHARSET=utf8mb3;
/*!40101 SET character_set_client = @saved_cs_client */;

--
-- Dumping data for table `friend`
--

LOCK TABLES `friend` WRITE;
/*!40000 ALTER TABLE `friend` DISABLE KEYS */;
INSERT INTO `friend` VALUES (3,1),(4,1),(6,1),(20,1),(3,2),(4,2),(6,2),(19,2),(24,2),(107,2),(4,3),(20,3),(22,4),(107,4),(2,5),(3,5),(4,5),(3,6),(19,6),(21,6),(20,19),(2,20),(6,20),(19,20),(22,20),(24,20),(109,20),(24,21),(5,22),(6,22),(21,22),(21,24),(22,24),(107,24),(20,107),(24,107),(19,109);
/*!40000 ALTER TABLE `friend` ENABLE KEYS */;
UNLOCK TABLES;

--
-- Table structure for table `transaction`
--

DROP TABLE IF EXISTS `transaction`;
/*!40101 SET @saved_cs_client     = @@character_set_client */;
/*!50503 SET character_set_client = utf8mb4 */;
CREATE TABLE `transaction` (
  `transaction_id` int NOT NULL AUTO_INCREMENT,
  `amount` double DEFAULT NULL,
  `description` varchar(255) CHARACTER SET utf8mb4 COLLATE utf8mb4_0900_ai_ci DEFAULT NULL,
  `email_receiver` varchar(255) CHARACTER SET utf8mb4 COLLATE utf8mb4_0900_ai_ci DEFAULT NULL,
  `email_sender` varchar(255) CHARACTER SET utf8mb4 COLLATE utf8mb4_0900_ai_ci DEFAULT NULL,
  `fees` decimal(6,2) DEFAULT NULL,
  `transaction_date` datetime DEFAULT NULL,
  `user_id` int NOT NULL,
  PRIMARY KEY (`transaction_id`),
  KEY `transaction_user_fk_idx` (`user_id`),
  CONSTRAINT `transaction_user_fk` FOREIGN KEY (`user_id`) REFERENCES `user` (`user_id`) ON DELETE CASCADE ON UPDATE CASCADE
) ENGINE=InnoDB AUTO_INCREMENT=467 DEFAULT CHARSET=utf8mb3;
/*!40101 SET character_set_client = @saved_cs_client */;

--
-- Dumping data for table `transaction`
--

LOCK TABLES `transaction` WRITE;
/*!40000 ALTER TABLE `transaction` DISABLE KEYS */;
INSERT INTO `transaction` VALUES (1,280,'Premier transfert','jb@gmail.com','at@live.fr',1.40,'2022-01-01 19:22:47',4),(2,280,'Premier transfert','jb@gmail.com','at@live.fr',1.40,'2022-01-01 19:34:31',4),(3,100,'Premier transfert','jb@gmail.com','at@live.fr',0.50,'2022-01-01 20:56:13',4),(4,100,'Premier transfert','jb@gmail.com','at@live.fr',0.50,'2022-01-01 21:14:29',4),(5,30,'Premier transfert','jb@gmail.com','at@live.fr',0.15,'2022-01-01 22:09:30',4),(6,30,'Premier transfert','jb@gmail.com','at@live.fr',0.15,'2022-01-02 01:11:14',4),(7,300,'1 -> 5','tc@gmail.com','al@gmail.com',1.50,'2022-01-02 01:21:42',1),(8,100,'1 -> 5','tc@gmail.com','al@gmail.com',0.50,'2022-01-02 01:48:18',1),(9,150,'cadeau anniv','rg@gmail.com','at@live.fr',0.75,'2022-01-05 15:22:10',4),(10,30,'don','tc@gmail.com','at@live.fr',0.15,'2022-01-06 16:30:35',4),(11,120,'alimentation compte','rg@gmail.com','rg@gmail.com',0.60,'2022-01-06 17:59:51',20),(12,100,'alimentation compte','rg@gmail.com','rg@gmail.com',0.50,'2022-01-06 18:14:28',20),(13,100,'alimentation compte','rg@gmail.com','rg@gmail.com',0.50,'2022-01-06 18:16:17',20),(14,30,'Premier transfert','jb@gmail.com','at@live.fr',0.15,'2022-01-06 19:37:57',4),(15,30,'Premier transfert','jb@gmail.com','at@live.fr',0.15,'2022-01-06 19:41:05',4),(16,30,'Premier transfert','jb@gmail.com','at@live.fr',0.15,'2022-01-06 19:53:08',4),(17,30,'Premier transfert','jb@gmail.com','at@live.fr',0.15,'2022-01-06 20:15:03',4),(18,30,'Premier transfert','jb@gmail.com','at@live.fr',0.15,'2022-01-06 21:33:17',4),(19,30,'Premier transfert','jb@gmail.com','at@live.fr',0.15,'2022-01-08 09:02:58',4),(20,30,'Premier transfert','jb@gmail.com','at@live.fr',0.15,'2022-01-08 09:08:20',4),(21,30,'Premier transfert','jb@gmail.com','at@live.fr',0.15,'2022-01-08 09:09:27',4),(22,30,'Premier transfert','jb@gmail.com','at@live.fr',0.15,'2022-01-08 09:20:34',4),(23,30,'Premier transfert','jb@gmail.com','at@live.fr',0.15,'2022-01-08 09:31:26',4),(24,30,'Premier transfert','jb@gmail.com','at@live.fr',0.15,'2022-01-08 09:33:39',4),(25,30,'Premier transfert','jb@gmail.com','at@live.fr',0.15,'2022-01-08 09:35:09',4),(26,30,'Premier transfert','jb@gmail.com','at@live.fr',0.15,'2022-01-08 09:36:56',4),(27,30,'Premier transfert','jb@gmail.com','at@live.fr',0.15,'2022-01-08 09:38:56',4),(28,30,'Premier transfert','jb@gmail.com','at@live.fr',0.15,'2022-01-08 09:39:56',4),(29,30,'Premier transfert','jb@gmail.com','at@live.fr',0.15,'2022-01-08 09:41:34',4),(30,30,'Premier transfert','jb@gmail.com','at@live.fr',0.15,'2022-01-08 09:45:12',4),(31,30,'Premier transfert','jb@gmail.com','at@live.fr',0.15,'2022-01-08 16:18:26',4),(32,30,'Premier transfert','jb@gmail.com','at@live.fr',0.15,'2022-01-08 16:20:12',4),(33,30,'Premier transfert','jb@gmail.com','at@live.fr',0.15,'2022-01-08 16:24:03',4),(34,30,'Premier transfert','jb@gmail.com','at@live.fr',0.15,'2022-01-08 16:24:27',4),(35,30,'Premier transfert','jb@gmail.com','at@live.fr',0.15,'2022-01-08 18:07:44',4),(36,30,'Premier transfert','jb@gmail.com','at@live.fr',0.15,'2022-01-08 18:20:31',4),(37,20,'Alimentation compte','rg@gmail.com','rg@gmail.com',0.10,'2022-01-08 19:57:07',20),(38,20,'Alimentation compte','rg@gmail.com','rg@gmail.com',0.10,'2022-01-08 20:15:05',20),(39,30.15,'Alimentation compte avant transfert','at@live.fr','at@live.fr',0.15,'2022-01-08 20:23:44',4),(40,30,'Premier transfert','jb@gmail.com','at@live.fr',0.15,'2022-01-08 20:23:44',4),(41,30.15,'Alimentation compte avant transfert','at@live.fr','at@live.fr',0.15,'2022-01-08 20:31:31',4),(42,30.15,'Alimentation compte avant transfert','at@live.fr','at@live.fr',0.15,'2022-01-08 20:34:18',4),(43,30,'Premier transfert','jb@gmail.com','at@live.fr',0.15,'2022-01-08 20:34:18',4),(44,30.15,'Alimentation compte avant transfert','at@live.fr','at@live.fr',0.15,'2022-01-08 20:36:32',4),(45,30,'Premier transfert','jb@gmail.com','at@live.fr',0.15,'2022-01-08 20:36:32',4),(46,20,'Alimentation compte','rg@gmail.com','rg@gmail.com',0.10,'2022-01-08 20:37:07',20),(47,30.15,'Alimentation compte avant transfert','at@live.fr','at@live.fr',0.15,'2022-01-08 20:37:07',4),(48,30,'Premier transfert','jb@gmail.com','at@live.fr',0.15,'2022-01-08 20:37:07',4),(49,20,'Alimentation compte','rg@gmail.com','rg@gmail.com',0.10,'2022-01-08 20:53:19',20),(50,30.15,'Alimentation compte avant transfert','at@live.fr','at@live.fr',0.15,'2022-01-08 20:53:19',4),(51,30,'Premier transfert','jb@gmail.com','at@live.fr',0.15,'2022-01-08 20:53:19',4),(52,20,'Alimentation compte','rg@gmail.com','rg@gmail.com',0.10,'2022-01-08 20:58:15',20),(53,30.15,'Alimentation compte avant transfert','at@live.fr','at@live.fr',0.15,'2022-01-08 20:58:15',4),(54,30,'Premier transfert','jb@gmail.com','at@live.fr',0.15,'2022-01-08 20:58:15',4),(55,20,'Alimentation compte','rg@gmail.com','rg@gmail.com',0.10,'2022-01-08 22:35:38',20),(56,30.15,'Alimentation compte avant transfert','at@live.fr','at@live.fr',0.15,'2022-01-08 22:35:38',4),(57,30,'Premier transfert','jb@gmail.com','at@live.fr',0.15,'2022-01-08 22:35:38',4),(58,20,'Alimentation compte','rg@gmail.com','rg@gmail.com',0.10,'2022-01-08 22:59:44',20),(59,30.15,'Alimentation compte avant transfert','at@live.fr','at@live.fr',0.15,'2022-01-08 22:59:44',4),(60,30,'Premier transfert','jb@gmail.com','at@live.fr',0.15,'2022-01-08 22:59:45',4),(61,20,'Alimentation compte','rg@gmail.com','rg@gmail.com',0.10,'2022-01-08 23:09:34',20),(62,20,'Alimentation compte','rg@gmail.com','rg@gmail.com',0.10,'2022-01-08 23:12:09',20),(63,20,'Alimentation compte','rg@gmail.com','rg@gmail.com',0.10,'2022-01-08 23:13:03',20),(64,20,'Alimentation compte','rg@gmail.com','rg@gmail.com',0.10,'2022-01-08 23:13:03',20),(65,30.15,'Alimentation compte avant transfert','at@live.fr','at@live.fr',0.15,'2022-01-08 23:13:03',4),(66,30,'Premier transfert','jb@gmail.com','at@live.fr',0.15,'2022-01-08 23:13:03',4),(67,20,'Alimentation compte','rg@gmail.com','rg@gmail.com',0.10,'2022-01-08 23:34:53',20),(68,20,'Alimentation compte','rg@gmail.com','rg@gmail.com',0.10,'2022-01-08 23:34:53',20),(69,30.15,'Alimentation compte avant transfert','at@live.fr','at@live.fr',0.15,'2022-01-08 23:34:53',4),(70,30,'Premier transfert','jb@gmail.com','at@live.fr',0.15,'2022-01-08 23:34:53',4),(71,30,'','jb@gmail.com','jb@gmail.com',0.15,'2022-01-08 23:40:18',2),(72,30,'','jb@gmail.com','jb@gmail.com',0.15,'2022-01-08 23:59:26',2),(73,20,'Alimentation compte','rg@gmail.com','rg@gmail.com',0.10,'2022-01-09 00:13:17',20),(74,20,'Alimentation compte','rg@gmail.com','rg@gmail.com',0.10,'2022-01-09 00:13:17',20),(75,30.15,'Alimentation compte avant transfert','at@live.fr','at@live.fr',0.15,'2022-01-09 00:13:17',4),(76,30,'Premier transfert','jb@gmail.com','at@live.fr',0.15,'2022-01-09 00:13:17',4),(77,20,'Alimentation compte','rg@gmail.com','rg@gmail.com',0.10,'2022-01-09 00:22:21',20),(78,20,'Alimentation compte','rg@gmail.com','rg@gmail.com',0.10,'2022-01-09 00:22:21',20),(79,30.15,'Alimentation compte avant transfert','at@live.fr','at@live.fr',0.15,'2022-01-09 00:22:21',4),(80,30,'Premier transfert','jb@gmail.com','at@live.fr',0.15,'2022-01-09 00:22:21',4),(81,20,'Alimentation compte','rg@gmail.com','rg@gmail.com',0.10,'2022-01-09 00:22:51',20),(82,20,'Alimentation compte','rg@gmail.com','rg@gmail.com',0.10,'2022-01-09 00:22:51',20),(83,30.15,'Alimentation compte avant transfert','at@live.fr','at@live.fr',0.15,'2022-01-09 00:22:51',4),(84,30,'Premier transfert','jb@gmail.com','at@live.fr',0.15,'2022-01-09 00:22:51',4),(85,20,'Alimentation compte','rg@gmail.com','rg@gmail.com',0.10,'2022-01-09 00:29:08',20),(86,20,'Alimentation compte','rg@gmail.com','rg@gmail.com',0.10,'2022-01-09 00:29:08',20),(87,30.15,'Alimentation compte avant transfert','at@live.fr','at@live.fr',0.15,'2022-01-09 00:29:08',4),(88,30,'Premier transfert','jb@gmail.com','at@live.fr',0.15,'2022-01-09 00:29:08',4),(89,20,'Alimentation compte','rg@gmail.com','rg@gmail.com',0.10,'2022-01-09 00:45:37',20),(90,20,'Alimentation compte','rg@gmail.com','rg@gmail.com',0.10,'2022-01-09 00:45:37',20),(91,30.15,'Alimentation compte avant transfert','at@live.fr','at@live.fr',0.15,'2022-01-09 00:45:37',4),(92,30,'Premier transfert','jb@gmail.com','at@live.fr',0.15,'2022-01-09 00:45:37',4),(93,20,'Alimentation compte','rg@gmail.com','rg@gmail.com',0.10,'2022-01-09 16:20:10',20),(94,20,'Alimentation compte','rg@gmail.com','rg@gmail.com',0.10,'2022-01-09 16:20:11',20),(95,30.15,'Alimentation compte avant transfert','at@live.fr','at@live.fr',0.15,'2022-01-09 16:20:11',4),(96,30,'Premier transfert','jb@gmail.com','at@live.fr',0.15,'2022-01-09 16:20:11',4),(97,20,'Alimentation compte','rg@gmail.com','rg@gmail.com',0.10,'2022-01-09 16:21:16',20),(98,20,'Alimentation compte','rg@gmail.com','rg@gmail.com',0.10,'2022-01-09 16:21:16',20),(99,30.15,'Alimentation compte avant transfert','at@live.fr','at@live.fr',0.15,'2022-01-09 16:21:16',4),(100,30,'Premier transfert','jb@gmail.com','at@live.fr',0.15,'2022-01-09 16:21:16',4),(101,20,'Alimentation compte','rg@gmail.com','rg@gmail.com',0.10,'2022-01-09 17:19:46',20),(102,20,'Alimentation compte','rg@gmail.com','rg@gmail.com',0.10,'2022-01-09 17:19:46',20),(103,30.15,'Alimentation compte avant transfert','at@live.fr','at@live.fr',0.15,'2022-01-09 17:19:46',4),(104,30,'Premier transfert','jb@gmail.com','at@live.fr',0.15,'2022-01-09 17:19:46',4),(105,20,'Alimentation compte','rg@gmail.com','rg@gmail.com',0.10,'2022-01-09 18:23:36',20),(106,20,'Alimentation compte','rg@gmail.com','rg@gmail.com',0.10,'2022-01-09 18:23:36',20),(107,30.15,'Alimentation compte avant transfert','at@live.fr','at@live.fr',0.15,'2022-01-09 18:23:36',4),(108,30,'Premier transfert','jb@gmail.com','at@live.fr',0.15,'2022-01-09 18:23:36',4),(109,20,'Alimentation compte','rg@gmail.com','rg@gmail.com',0.10,'2022-01-09 18:45:00',20),(110,20,'Alimentation compte','rg@gmail.com','rg@gmail.com',0.10,'2022-01-09 18:45:01',20),(111,30.15,'Alimentation compte avant transfert','at@live.fr','at@live.fr',0.15,'2022-01-09 18:45:01',4),(112,30,'Premier transfert','jb@gmail.com','at@live.fr',0.15,'2022-01-09 18:45:01',4),(113,20,'Alimentation compte','rg@gmail.com','rg@gmail.com',0.10,'2022-01-09 18:59:03',20),(114,20,'Alimentation compte','rg@gmail.com','rg@gmail.com',0.10,'2022-01-09 18:59:04',20),(115,30.15,'Alimentation compte avant transfert','at@live.fr','at@live.fr',0.15,'2022-01-09 18:59:04',4),(116,30,'Premier transfert','jb@gmail.com','at@live.fr',0.15,'2022-01-09 18:59:04',4),(117,20,'Alimentation compte','rg@gmail.com','rg@gmail.com',0.10,'2022-01-09 18:59:47',20),(118,20,'Alimentation compte','rg@gmail.com','rg@gmail.com',0.10,'2022-01-09 18:59:47',20),(119,30.15,'Alimentation compte avant transfert','at@live.fr','at@live.fr',0.15,'2022-01-09 18:59:47',4),(120,30,'Premier transfert','jb@gmail.com','at@live.fr',0.15,'2022-01-09 18:59:47',4),(121,100,'alimentation compte bancaire','tc@gmail.com','tc@gmail.com',0.50,'2022-01-09 19:04:26',5),(122,20,'Alimentation compte','rg@gmail.com','rg@gmail.com',0.10,'2022-01-10 18:51:53',20),(123,20,'Alimentation compte','rg@gmail.com','rg@gmail.com',0.10,'2022-01-10 18:51:53',20),(124,30.15,'Alimentation compte avant transfert','at@live.fr','at@live.fr',0.15,'2022-01-10 18:51:53',4),(125,30,'Premier transfert','jb@gmail.com','at@live.fr',0.15,'2022-01-10 18:51:53',4),(126,20,'Alimentation compte','rg@gmail.com','rg@gmail.com',0.10,'2022-01-11 08:11:50',20),(127,20,'Alimentation compte','rg@gmail.com','rg@gmail.com',0.10,'2022-01-11 08:11:50',20),(128,30.15,'Alimentation compte avant transfert','at@live.fr','at@live.fr',0.15,'2022-01-11 08:11:50',4),(129,30,'Premier transfert','jb@gmail.com','at@live.fr',0.15,'2022-01-11 08:11:51',4),(130,20,'Alimentation compte','rg@gmail.com','rg@gmail.com',0.10,'2022-01-11 09:05:07',20),(131,20,'Alimentation compte','rg@gmail.com','rg@gmail.com',0.10,'2022-01-11 09:05:07',20),(132,30.15,'Alimentation compte avant transfert','at@live.fr','at@live.fr',0.15,'2022-01-11 09:05:07',4),(133,30,'Premier transfert','jb@gmail.com','at@live.fr',0.15,'2022-01-11 09:05:08',4),(134,20,'Alimentation compte','rg@gmail.com','rg@gmail.com',0.10,'2022-01-11 09:11:37',20),(135,20,'Alimentation compte','rg@gmail.com','rg@gmail.com',0.10,'2022-01-11 09:11:37',20),(136,30.15,'Alimentation compte avant transfert','at@live.fr','at@live.fr',0.15,'2022-01-11 09:11:37',4),(137,30,'Premier transfert','jb@gmail.com','at@live.fr',0.15,'2022-01-11 09:11:37',4),(138,20,'Alimentation compte','rg@gmail.com','rg@gmail.com',0.10,'2022-01-11 09:18:49',20),(139,20,'Alimentation compte','rg@gmail.com','rg@gmail.com',0.10,'2022-01-11 09:18:49',20),(140,30.15,'Alimentation compte avant transfert','at@live.fr','at@live.fr',0.15,'2022-01-11 09:18:49',4),(141,30,'Premier transfert','jb@gmail.com','at@live.fr',0.15,'2022-01-11 09:18:50',4),(142,20,'Alimentation compte','rg@gmail.com','rg@gmail.com',0.10,'2022-01-11 09:22:33',20),(143,20,'Alimentation compte','rg@gmail.com','rg@gmail.com',0.10,'2022-01-11 09:22:33',20),(144,30.15,'Alimentation compte avant transfert','at@live.fr','at@live.fr',0.15,'2022-01-11 09:22:33',4),(145,30,'Premier transfert','jb@gmail.com','at@live.fr',0.15,'2022-01-11 09:22:33',4),(146,20,'Alimentation compte','rg@gmail.com','rg@gmail.com',0.10,'2022-01-11 10:25:26',20),(147,20,'Alimentation compte','rg@gmail.com','rg@gmail.com',0.10,'2022-01-11 10:25:26',20),(148,30.15,'Alimentation compte avant transfert','at@live.fr','at@live.fr',0.15,'2022-01-11 10:25:26',4),(149,30,'Premier transfert','jb@gmail.com','at@live.fr',0.15,'2022-01-11 10:25:26',4),(150,20,'Alimentation compte','rg@gmail.com','rg@gmail.com',0.10,'2022-01-11 10:28:13',20),(151,20,'Alimentation compte','rg@gmail.com','rg@gmail.com',0.10,'2022-01-11 10:28:13',20),(152,30.15,'Alimentation compte avant transfert','at@live.fr','at@live.fr',0.15,'2022-01-11 10:28:13',4),(153,30,'Premier transfert','jb@gmail.com','at@live.fr',0.15,'2022-01-11 10:28:13',4),(154,20,'Alimentation compte','rg@gmail.com','rg@gmail.com',0.10,'2022-01-11 10:40:01',20),(155,20,'Alimentation compte','rg@gmail.com','rg@gmail.com',0.10,'2022-01-11 10:40:02',20),(156,30.15,'Alimentation compte avant transfert','at@live.fr','at@live.fr',0.15,'2022-01-11 10:40:02',4),(157,30,'Premier transfert','jb@gmail.com','at@live.fr',0.15,'2022-01-11 10:40:02',4),(158,30,'Premier transfert','jb@gmail.com','at@live.fr',0.15,'2022-01-11 11:54:34',4),(159,30,'Alimentation Compte Perso','at@live.fr','at@live.fr',0.15,'2022-01-11 11:59:15',4),(160,30,'Alimentation Compte Perso','at@live.fr','at@live.fr',0.15,'2022-01-11 11:59:56',4),(161,30,'Premier transfert','jb@gmail.com','at@live.fr',0.15,'2022-01-11 11:59:56',4),(162,20,'Alimentation compte','rg@gmail.com','rg@gmail.com',0.10,'2022-01-11 11:59:59',20),(163,20,'Alimentation compte','rg@gmail.com','rg@gmail.com',0.10,'2022-01-11 11:59:59',20),(164,30.15,'Alimentation compte avant transfert','at@live.fr','at@live.fr',0.15,'2022-01-11 11:59:59',4),(165,30,'Premier transfert','jb@gmail.com','at@live.fr',0.15,'2022-01-11 11:59:59',4),(166,30,'Alimentation compte en banque','at@live.fr','at@live.fr',0.15,'2022-01-11 12:03:56',4),(167,30,'Alimentation compte en banque','at@live.fr','at@live.fr',0.15,'2022-01-11 12:04:28',4),(168,30,'Alimentation Compte Perso','at@live.fr','at@live.fr',0.15,'2022-01-11 12:04:28',4),(169,30,'Premier transfert','jb@gmail.com','at@live.fr',0.15,'2022-01-11 12:04:28',4),(170,20,'Alimentation compte','rg@gmail.com','rg@gmail.com',0.10,'2022-01-11 12:04:31',20),(171,20,'Alimentation compte','rg@gmail.com','rg@gmail.com',0.10,'2022-01-11 12:04:31',20),(172,30.15,'Alimentation compte avant transfert','at@live.fr','at@live.fr',0.15,'2022-01-11 12:04:31',4),(173,30,'Premier transfert','jb@gmail.com','at@live.fr',0.15,'2022-01-11 12:04:31',4),(174,30,'Alimentation compte en banque','at@live.fr','at@live.fr',0.15,'2022-01-11 12:06:46',4),(175,30,'Alimentation Compte Perso','at@live.fr','at@live.fr',0.15,'2022-01-11 12:06:47',4),(176,30,'Premier transfert','jb@gmail.com','at@live.fr',0.15,'2022-01-11 12:06:47',4),(177,20,'Alimentation compte','rg@gmail.com','rg@gmail.com',0.10,'2022-01-11 12:06:49',20),(178,20,'Alimentation compte','rg@gmail.com','rg@gmail.com',0.10,'2022-01-11 12:06:49',20),(179,30.15,'Alimentation compte avant transfert','at@live.fr','at@live.fr',0.15,'2022-01-11 12:06:49',4),(180,30,'Premier transfert','jb@gmail.com','at@live.fr',0.15,'2022-01-11 12:06:49',4),(181,30,'Alimentation compte en banque','at@live.fr','at@live.fr',0.15,'2022-01-11 12:27:16',4),(182,30,'Alimentation Compte Perso','at@live.fr','at@live.fr',0.15,'2022-01-11 12:27:16',4),(183,30,'Premier transfert','jb@gmail.com','at@live.fr',0.15,'2022-01-11 12:27:16',4),(184,20,'Alimentation compte','rg@gmail.com','rg@gmail.com',0.10,'2022-01-11 12:27:19',20),(185,20,'Alimentation compte','rg@gmail.com','rg@gmail.com',0.10,'2022-01-11 12:27:20',20),(186,30.15,'Alimentation compte avant transfert','at@live.fr','at@live.fr',0.15,'2022-01-11 12:27:20',4),(187,30,'Premier transfert','jb@gmail.com','at@live.fr',0.15,'2022-01-11 12:27:20',4),(188,20,'remboursement de dette','al@gmail.com','ep@gmail.com',0.10,'2022-01-14 20:24:27',22),(189,30,'Alimentation compte en banque','at@live.fr','at@live.fr',0.15,'2022-01-14 21:28:52',4),(190,30,'Alimentation Compte Perso','at@live.fr','at@live.fr',0.15,'2022-01-14 21:28:52',4),(191,30,'Premier transfert','jb@gmail.com','at@live.fr',0.15,'2022-01-14 21:28:52',4),(192,20,'Alimentation compte','rg@gmail.com','rg@gmail.com',0.10,'2022-01-14 21:28:55',20),(193,20,'Alimentation compte','rg@gmail.com','rg@gmail.com',0.10,'2022-01-14 21:28:55',20),(194,30.15,'Alimentation compte avant transfert','at@live.fr','at@live.fr',0.15,'2022-01-14 21:28:55',4),(195,30,'Premier transfert','jb@gmail.com','at@live.fr',0.15,'2022-01-14 21:28:55',4),(196,20,'Alimentation compte','rg@gmail.com','rg@gmail.com',0.10,'2022-01-21 20:23:08',20),(197,20,'Alimentation compte','rg@gmail.com','rg@gmail.com',0.10,'2022-01-21 20:23:08',20),(198,30.15,'Alimentation compte avant transfert','at@live.fr','at@live.fr',0.15,'2022-01-21 20:23:08',4),(199,30,'Premier transfert','jb@gmail.com','at@live.fr',0.15,'2022-01-21 20:23:09',4),(200,20,'Alimentation compte','rg@gmail.com','rg@gmail.com',0.10,'2022-01-21 22:12:23',20),(201,20,'Alimentation compte','rg@gmail.com','rg@gmail.com',0.10,'2022-01-21 22:12:23',20),(202,30.15,'Alimentation compte avant transfert','at@live.fr','at@live.fr',0.15,'2022-01-21 22:12:23',4),(203,30,'Premier transfert','jb@gmail.com','at@live.fr',0.15,'2022-01-21 22:12:23',4),(204,20,'Alimentation compte','rg@gmail.com','rg@gmail.com',0.10,'2022-01-21 22:42:23',20),(205,20,'Alimentation compte','rg@gmail.com','rg@gmail.com',0.10,'2022-01-21 22:42:23',20),(206,30.15,'Alimentation compte avant transfert','at@live.fr','at@live.fr',0.15,'2022-01-21 22:42:23',4),(207,30,'Premier transfert','jb@gmail.com','at@live.fr',0.15,'2022-01-21 22:42:23',4),(208,20,'Alimentation compte','rg@gmail.com','rg@gmail.com',0.10,'2022-01-21 22:44:17',20),(209,20,'Alimentation compte','rg@gmail.com','rg@gmail.com',0.10,'2022-01-21 22:44:17',20),(210,30.15,'Alimentation compte avant transfert','at@live.fr','at@live.fr',0.15,'2022-01-21 22:44:17',4),(211,30,'Premier transfert','jb@gmail.com','at@live.fr',0.15,'2022-01-21 22:44:17',4),(212,20,'Alimentation compte','rg@gmail.com','rg@gmail.com',0.10,'2022-01-21 22:45:24',20),(213,20,'Alimentation compte','rg@gmail.com','rg@gmail.com',0.10,'2022-01-21 22:45:24',20),(214,30.15,'Alimentation compte avant transfert','at@live.fr','at@live.fr',0.15,'2022-01-21 22:45:24',4),(215,30,'Premier transfert','jb@gmail.com','at@live.fr',0.15,'2022-01-21 22:45:24',4),(216,20,'Alimentation compte','rg@gmail.com','rg@gmail.com',0.10,'2022-01-21 22:50:05',20),(217,20,'Alimentation compte','rg@gmail.com','rg@gmail.com',0.10,'2022-01-21 22:50:06',20),(218,30.15,'Alimentation compte avant transfert','at@live.fr','at@live.fr',0.15,'2022-01-21 22:50:06',4),(219,30,'Premier transfert','jb@gmail.com','at@live.fr',0.15,'2022-01-21 22:50:06',4),(220,20,'Alimentation compte','rg@gmail.com','rg@gmail.com',0.10,'2022-01-21 23:09:12',20),(221,20,'Alimentation compte','rg@gmail.com','rg@gmail.com',0.10,'2022-01-21 23:09:12',20),(222,30.15,'Alimentation compte avant transfert','at@live.fr','at@live.fr',0.15,'2022-01-21 23:09:12',4),(223,30,'Premier transfert','jb@gmail.com','at@live.fr',0.15,'2022-01-21 23:09:12',4),(224,20,'Alimentation compte','rg@gmail.com','rg@gmail.com',0.10,'2022-01-21 23:09:48',20),(225,20,'Alimentation compte','rg@gmail.com','rg@gmail.com',0.10,'2022-01-21 23:09:48',20),(226,30.15,'Alimentation compte avant transfert','at@live.fr','at@live.fr',0.15,'2022-01-21 23:09:48',4),(227,30,'Premier transfert','jb@gmail.com','at@live.fr',0.15,'2022-01-21 23:09:48',4),(228,20,'Alimentation compte','rg@gmail.com','rg@gmail.com',0.10,'2022-01-21 23:12:12',20),(229,20,'Alimentation compte','rg@gmail.com','rg@gmail.com',0.10,'2022-01-21 23:12:12',20),(230,30.15,'Alimentation compte avant transfert','at@live.fr','at@live.fr',0.15,'2022-01-21 23:12:12',4),(231,30,'Premier transfert','jb@gmail.com','at@live.fr',0.15,'2022-01-21 23:12:12',4),(232,20,'Alimentation compte','rg@gmail.com','rg@gmail.com',0.10,'2022-01-24 19:21:01',20),(233,20,'Alimentation compte','rg@gmail.com','rg@gmail.com',0.10,'2022-01-24 19:21:01',20),(234,30.15,'Alimentation compte avant transfert','at@live.fr','at@live.fr',0.15,'2022-01-24 19:21:01',4),(235,30,'Premier transfert','jb@gmail.com','at@live.fr',0.15,'2022-01-24 19:21:01',4),(236,20,'Alimentation compte','rg@gmail.com','rg@gmail.com',0.10,'2022-01-24 21:45:27',20),(237,20,'Alimentation compte','rg@gmail.com','rg@gmail.com',0.10,'2022-01-24 21:45:28',20),(238,30.15,'Alimentation compte avant transfert','at@live.fr','at@live.fr',0.15,'2022-01-24 21:45:28',4),(239,30,'Premier transfert','jb@gmail.com','at@live.fr',0.15,'2022-01-24 21:45:28',4),(240,20,'Alimentation compte','rg@gmail.com','rg@gmail.com',0.10,'2022-01-24 21:51:12',20),(241,20,'Alimentation compte','rg@gmail.com','rg@gmail.com',0.10,'2022-01-24 21:51:13',20),(242,30.15,'Alimentation compte avant transfert','at@live.fr','at@live.fr',0.15,'2022-01-24 21:51:13',4),(243,30,'Premier transfert','jb@gmail.com','at@live.fr',0.15,'2022-01-24 21:51:13',4),(244,20,'Alimentation compte','rg@gmail.com','rg@gmail.com',0.10,'2022-01-24 21:52:20',20),(245,20,'Alimentation compte','rg@gmail.com','rg@gmail.com',0.10,'2022-01-24 21:52:20',20),(246,30.15,'Alimentation compte avant transfert','at@live.fr','at@live.fr',0.15,'2022-01-24 21:52:20',4),(247,30,'Premier transfert','jb@gmail.com','at@live.fr',0.15,'2022-01-24 21:52:20',4),(248,20,'Alimentation compte','rg@gmail.com','rg@gmail.com',0.10,'2022-01-24 21:53:29',20),(249,20,'Alimentation compte','rg@gmail.com','rg@gmail.com',0.10,'2022-01-24 21:53:29',20),(250,30.15,'Alimentation compte avant transfert','at@live.fr','at@live.fr',0.15,'2022-01-24 21:53:29',4),(251,30,'Premier transfert','jb@gmail.com','at@live.fr',0.15,'2022-01-24 21:53:29',4),(252,20,'Alimentation compte','rg@gmail.com','rg@gmail.com',0.10,'2022-01-27 20:07:22',20),(253,20,'Alimentation compte','rg@gmail.com','rg@gmail.com',0.10,'2022-01-27 20:07:22',20),(254,30.15,'Alimentation compte avant transfert','at@live.fr','at@live.fr',0.15,'2022-01-27 20:07:23',4),(255,30,'Premier transfert','jb@gmail.com','at@live.fr',0.15,'2022-01-27 20:07:23',4),(256,20,'Alimentation compte','rg@gmail.com','rg@gmail.com',0.10,'2022-01-27 20:10:18',20),(257,20,'Alimentation compte','rg@gmail.com','rg@gmail.com',0.10,'2022-01-27 20:10:18',20),(258,30.15,'Alimentation compte avant transfert','at@live.fr','at@live.fr',0.15,'2022-01-27 20:10:18',4),(259,30,'Premier transfert','jb@gmail.com','at@live.fr',0.15,'2022-01-27 20:10:18',4),(260,10,'sendMoney','mb@gmail.com','at@live.fr',0.05,'2022-01-30 19:09:56',4),(261,10,'alimentation compte bancaire','mb@gmail.com','mb@gmail.com',0.05,'2022-01-31 18:00:58',107),(262,30,'alimentation compte PMB','id@gmail.com','id@gmail.com',0.15,'2022-01-31 18:04:18',24),(263,15,'sendMoney','mama@gmail.com','rg@gmail.com',0.08,'2022-01-31 18:45:10',20),(264,15,'alimentation copte PMB','rg@gmail.com','rg@gmail.com',0.08,'2022-01-31 20:59:47',20),(265,10,'alimentation copte PMB','rg@gmail.com','rg@gmail.com',0.05,'2022-01-31 21:00:13',20),(266,5,'alimentation copte PMB','rg@gmail.com','rg@gmail.com',0.03,'2022-01-31 21:00:29',20),(267,20,'alimentation compte PMB','id@gmail.com','id@gmail.com',0.10,'2022-02-01 22:28:08',24),(268,20,'alimentation compte PMB','id@gmail.com','id@gmail.com',0.10,'2022-02-01 22:28:13',24),(269,150,'alimentation compte PMB','ep@gmail.com','ep@gmail.com',0.75,'2022-02-02 08:30:40',22),(270,200,'sendMoney','sj@free.fr','jb@gmail.com',1.00,'2022-02-02 08:38:42',2),(271,200,'sendMoney','mama@gmail.com','jb@gmail.com',1.00,'2022-02-02 08:38:55',2),(272,200,'sendMoney','id@gmail.com','jb@gmail.com',1.00,'2022-02-02 08:39:02',2),(273,200,'sendMoney','mb@gmail.com','jb@gmail.com',1.00,'2022-02-02 08:39:07',2),(274,10,'alimentation compte PMB','jb@gmail.com','jb@gmail.com',0.05,'2022-02-02 09:26:21',2),(275,10,'alimentation compte PMB','jb@gmail.com','jb@gmail.com',0.05,'2022-02-02 09:26:44',2),(276,1000,'débiter mon compte PMB','jb@gmail.com','jb@gmail.com',5.00,'2022-02-02 09:39:09',2),(277,300,'alimentation compte PMB','jb@gmail.com','jb@gmail.com',1.50,'2022-02-02 09:40:21',2),(278,100,'débiter mon compte PMB','ep@gmail.com','ep@gmail.com',0.50,'2022-02-02 21:29:25',22),(279,200,'alimentation compte PMB','ep@gmail.com','ep@gmail.com',1.00,'2022-02-02 21:30:19',22),(280,10,'débiter mon compte PMB','ep@gmail.com','ep@gmail.com',0.05,'2022-02-02 21:36:05',22),(281,10,'débiter mon compte PMB','ep@gmail.com','ep@gmail.com',0.05,'2022-02-02 21:37:28',22),(282,10,'alimentation compte PMB','ep@gmail.com','ep@gmail.com',0.05,'2022-02-02 21:37:40',22),(283,50,'débiter mon compte PMB','ep@gmail.com','ep@gmail.com',0.25,'2022-02-02 22:06:07',22),(284,20,'alimentation compte PMB','ep@gmail.com','ep@gmail.com',0.10,'2022-02-02 22:12:10',22),(285,25,'alimentation compte PMB','ep@gmail.com','ep@gmail.com',0.13,'2022-02-02 22:14:19',22),(286,10,'alimentation compte PMB','ep@gmail.com','ep@gmail.com',0.05,'2022-02-02 22:20:41',22),(287,10,'sendMoney','rg@gmail.com','mb@gmail.com',0.05,'2022-02-03 20:06:14',107),(288,120,'alimentation compte PMB','mb@gmail.com','mb@gmail.com',0.60,'2022-02-03 20:06:36',107),(289,30,'débiter mon compte PMB','mb@gmail.com','mb@gmail.com',0.15,'2022-02-03 20:10:58',107),(290,30,'débiter mon compte PMB','mb@gmail.com','mb@gmail.com',0.15,'2022-02-03 20:11:27',107),(291,30,'alimentation compte PMB','mb@gmail.com','mb@gmail.com',0.15,'2022-02-03 20:11:44',107),(292,35,'débiter mon compte PMB','rg@gmail.com','rg@gmail.com',0.18,'2022-02-03 20:26:25',20),(293,950,'alimentation compte PMB','rg@gmail.com','rg@gmail.com',4.75,'2022-02-03 20:27:29',20),(294,950,'débiter mon compte PMB','rg@gmail.com','rg@gmail.com',4.75,'2022-02-03 20:28:18',20),(295,50,'sendMoney','jb@gmail.com','rg@gmail.com',0.25,'2022-02-03 20:29:38',20),(296,889.66,'sendMoney','jb@gmail.com','rg@gmail.com',4.45,'2022-02-03 20:31:51',20),(297,55,'alimentation compte PMB','rg@gmail.com','rg@gmail.com',0.28,'2022-02-03 21:09:18',20),(298,50.28,'débiter mon compte PMB','rg@gmail.com','rg@gmail.com',0.25,'2022-02-03 21:09:48',20),(299,65,'alimentation compte PMB','rg@gmail.com','rg@gmail.com',0.33,'2022-02-03 21:13:35',20),(300,64,'débiter mon compte PMB','rg@gmail.com','rg@gmail.com',0.32,'2022-02-03 21:13:51',20),(301,90,'alimentation compte PMB','rg@gmail.com','rg@gmail.com',0.45,'2022-02-03 21:15:09',20),(302,89.66,'sendMoney','jb@gmail.com','rg@gmail.com',0.45,'2022-02-03 21:19:31',20),(303,100,'alimentation compte PMB','rg@gmail.com','rg@gmail.com',0.50,'2022-02-03 21:26:44',20),(304,20,'Alimentation compte','rg@gmail.com','rg@gmail.com',0.10,'2022-02-03 21:33:00',20),(305,20,'Alimentation compte','rg@gmail.com','rg@gmail.com',0.10,'2022-02-03 21:33:00',20),(306,30.15,'Alimentation compte avant transfert','at@live.fr','at@live.fr',0.15,'2022-02-03 21:33:00',4),(307,30,'Premier transfert','jb@gmail.com','at@live.fr',0.15,'2022-02-03 21:33:00',4),(308,20,'Alimentation compte','rg@gmail.com','rg@gmail.com',0.10,'2022-02-03 21:36:06',20),(309,20,'Alimentation compte','rg@gmail.com','rg@gmail.com',0.10,'2022-02-03 21:36:07',20),(310,30.15,'Alimentation compte avant transfert','at@live.fr','at@live.fr',0.15,'2022-02-03 21:36:07',4),(311,30,'Premier transfert','jb@gmail.com','at@live.fr',0.15,'2022-02-03 21:36:07',4),(312,20,'Alimentation compte','rg@gmail.com','rg@gmail.com',0.10,'2022-02-03 23:15:24',20),(313,20,'Alimentation compte','rg@gmail.com','rg@gmail.com',0.10,'2022-02-03 23:15:24',20),(314,30.15,'Alimentation compte avant transfert','at@live.fr','at@live.fr',0.15,'2022-02-03 23:15:24',4),(315,30,'Premier transfert','jb@gmail.com','at@live.fr',0.15,'2022-02-03 23:15:24',4),(316,20,'Alimentation compte','rg@gmail.com','rg@gmail.com',0.10,'2022-02-03 23:24:20',20),(317,20,'Alimentation compte','rg@gmail.com','rg@gmail.com',0.10,'2022-02-03 23:34:02',20),(318,20,'Alimentation compte','rg@gmail.com','rg@gmail.com',0.10,'2022-02-03 23:35:38',20),(319,20,'Alimentation compte','rg@gmail.com','rg@gmail.com',0.10,'2022-02-03 23:35:39',20),(320,30.15,'Alimentation compte avant transfert','at@live.fr','at@live.fr',0.15,'2022-02-03 23:35:39',4),(321,30,'Premier transfert','jb@gmail.com','at@live.fr',0.15,'2022-02-03 23:35:39',4),(322,15,'alimentation compte PMB','rg@gmail.com','rg@gmail.com',0.08,'2022-02-04 11:30:56',20),(323,12,'sendMoney','sj@free.fr','rg@gmail.com',0.06,'2022-02-04 11:32:19',20),(324,70,'alimentation compte PMB','rg@gmail.com','rg@gmail.com',0.35,'2022-02-04 12:05:32',20),(325,300,'alimentation compte PMB','rg@gmail.com','rg@gmail.com',1.50,'2022-02-04 17:39:28',20),(326,30,'sendMoney','jd@hotmail.com','sj@free.fr',0.15,'2022-02-04 17:41:57',6),(327,20,'sendMoney','mama@gmail.com','sj@free.fr',0.10,'2022-02-04 17:42:07',6),(328,50,'sendMoney','hc@gmail.com','sj@free.fr',0.25,'2022-02-04 17:42:15',6),(329,10,'alimentation compte PMB','rg@gmail.com','rg@gmail.com',0.05,'2022-02-05 12:41:50',20),(330,15,'alimentation compte PMB','rg@gmail.com','rg@gmail.com',0.08,'2022-02-05 12:42:02',20),(331,25,'Remboursement dette','sj@free.fr','rg@gmail.com',0.13,'2022-02-05 12:55:42',20),(332,20,'Alimentation compte','rg@gmail.com','rg@gmail.com',0.10,'2022-02-05 13:40:30',20),(333,20,'Alimentation compte','rg@gmail.com','rg@gmail.com',0.10,'2022-02-05 13:40:30',20),(334,30.15,'Alimentation compte avant transfert','at@live.fr','at@live.fr',0.15,'2022-02-05 13:40:30',4),(335,30,'Premier transfert','jb@gmail.com','at@live.fr',0.15,'2022-02-05 13:40:30',4),(336,13,'don','mama@gmail.com','rg@gmail.com',0.07,'2022-02-05 20:29:26',20),(337,15,'débiter mon compte PMB','rg@gmail.com','rg@gmail.com',0.08,'2022-02-05 20:30:54',20),(338,30,'débiter mon compte PMB','rg@gmail.com','rg@gmail.com',0.15,'2022-02-05 20:36:44',20),(339,20,'retrait','rg@gmail.com','rg@gmail.com',0.10,'2022-02-05 20:44:29',20),(340,50,'Approvisionnement PMB','rg@gmail.com','rg@gmail.com',0.25,'2022-02-05 20:45:38',20),(341,10,'Approvisionnement PMB','rg@gmail.com','rg@gmail.com',0.05,'2022-02-05 20:46:24',20),(342,16,'Approvisionnement PMB','rg@gmail.com','rg@gmail.com',0.08,'2022-02-05 21:47:00',20),(343,33,'Approvisionnement PMB','rg@gmail.com','rg@gmail.com',0.17,'2022-02-05 21:47:52',20),(344,22,'Paiement restaurant','id@gmail.com','rg@gmail.com',0.11,'2022-02-07 17:36:56',20),(345,22,'Paiement restaurant','ep@gmail.com','rg@gmail.com',0.11,'2022-02-07 17:37:56',20),(346,35,'retrait','rg@gmail.com','rg@gmail.com',0.18,'2022-02-07 17:38:27',20),(347,30,'Approvisionnement PMB','rg@gmail.com','rg@gmail.com',0.15,'2022-02-07 17:38:47',20),(348,7,'Remboursement dette','sj@free.fr','rg@gmail.com',0.04,'2022-02-07 18:08:45',20),(349,20,'Alimentation compte','rg@gmail.com','rg@gmail.com',0.10,'2022-02-07 20:36:09',20),(350,20,'Alimentation compte','rg@gmail.com','rg@gmail.com',0.10,'2022-02-07 20:36:09',20),(351,30.15,'Alimentation compte avant transfert','at@live.fr','at@live.fr',0.15,'2022-02-07 20:36:09',4),(352,30,'Premier transfert','jb@gmail.com','at@live.fr',0.15,'2022-02-07 20:36:09',4),(353,8,'taxi','id@gmail.com','rg@gmail.com',0.04,'2022-02-08 00:49:36',20),(354,20,'retrait','rg@gmail.com','rg@gmail.com',0.10,'2022-02-08 00:51:52',20),(355,30,'Approvisionnement PMB','rg@gmail.com','rg@gmail.com',0.15,'2022-02-08 00:52:18',20),(356,20,'Alimentation compte','rg@gmail.com','rg@gmail.com',0.10,'2022-02-08 00:54:20',20),(357,20,'Alimentation compte','rg@gmail.com','rg@gmail.com',0.10,'2022-02-08 00:54:21',20),(358,30.15,'Alimentation compte avant transfert','at@live.fr','at@live.fr',0.15,'2022-02-08 00:54:21',4),(359,30,'Premier transfert','jb@gmail.com','at@live.fr',0.15,'2022-02-08 00:54:21',4),(360,20,'Alimentation compte','rg@gmail.com','rg@gmail.com',0.10,'2022-02-08 01:59:09',20),(361,20,'Alimentation compte','rg@gmail.com','rg@gmail.com',0.10,'2022-02-08 01:59:09',20),(362,30.15,'Alimentation compte avant transfert','at@live.fr','at@live.fr',0.15,'2022-02-08 01:59:09',4),(363,30,'Premier transfert','jb@gmail.com','at@live.fr',0.15,'2022-02-08 01:59:10',4),(364,20,'Alimentation compte','rg@gmail.com','rg@gmail.com',0.10,'2022-02-08 02:00:44',20),(365,20,'Alimentation compte','rg@gmail.com','rg@gmail.com',0.10,'2022-02-08 02:00:44',20),(366,30.15,'Alimentation compte avant transfert','at@live.fr','at@live.fr',0.15,'2022-02-08 02:00:44',4),(367,30,'Premier transfert','jb@gmail.com','at@live.fr',0.15,'2022-02-08 02:00:45',4),(368,20,'Alimentation compte','rg@gmail.com','rg@gmail.com',0.10,'2022-02-08 02:04:59',20),(369,20,'Alimentation compte','rg@gmail.com','rg@gmail.com',0.10,'2022-02-08 02:04:59',20),(370,30.15,'Alimentation compte avant transfert','at@live.fr','at@live.fr',0.15,'2022-02-08 02:05:00',4),(371,30,'Premier transfert','jb@gmail.com','at@live.fr',0.15,'2022-02-08 02:05:00',4),(372,20,'Alimentation compte','rg@gmail.com','rg@gmail.com',0.10,'2022-02-08 02:06:11',20),(373,20,'Alimentation compte','rg@gmail.com','rg@gmail.com',0.10,'2022-02-08 02:06:11',20),(374,30.15,'Alimentation compte avant transfert','at@live.fr','at@live.fr',0.15,'2022-02-08 02:06:12',4),(375,30,'Premier transfert','jb@gmail.com','at@live.fr',0.15,'2022-02-08 02:06:12',4),(376,10,'Paiement restaurant','mb@gmail.com','id@gmail.com',0.05,'2022-02-08 16:06:01',24),(377,15,'taxi','hc@gmail.com','id@gmail.com',0.08,'2022-02-08 16:06:51',24),(378,13,'carburant','ep@gmail.com','id@gmail.com',0.07,'2022-02-08 16:09:31',24),(379,8,'complément restaurant','mb@gmail.com','id@gmail.com',0.04,'2022-02-08 16:14:18',24),(380,3,'Paiement restaurant','mb@gmail.com','id@gmail.com',0.02,'2022-02-08 16:15:23',24),(381,25,'retrait','id@gmail.com','id@gmail.com',0.13,'2022-02-08 16:17:38',24),(382,75,'cadeau anniversaire','ep@gmail.com','id@gmail.com',0.38,'2022-02-08 17:26:04',24),(383,75,'cadeau anniversaire','id@gmail.com','ep@gmail.com',0.38,'2022-02-08 17:30:14',22),(384,75,'cadeau anniversaire','id@gmail.com','ep@gmail.com',0.38,'2022-02-08 17:35:06',22),(385,75,'cadeau anniversaire','id@gmail.com','ep@gmail.com',0.38,'2022-02-08 17:36:46',22),(386,75,'cadeau anniversaire','id@gmail.com','ep@gmail.com',0.38,'2022-02-08 17:37:23',22),(387,20,'Alimentation compte','rg@gmail.com','rg@gmail.com',0.10,'2022-02-08 17:37:23',20),(388,20,'Alimentation compte','rg@gmail.com','rg@gmail.com',0.10,'2022-02-08 17:37:23',20),(389,30.15,'Alimentation compte avant transfert','at@live.fr','at@live.fr',0.15,'2022-02-08 17:37:23',4),(390,30,'Premier transfert','jb@gmail.com','at@live.fr',0.15,'2022-02-08 17:37:23',4),(391,75,'cadeau anniversaire','id@gmail.com','ep@gmail.com',0.38,'2022-02-08 17:37:59',22),(392,20,'Alimentation compte','rg@gmail.com','rg@gmail.com',0.10,'2022-02-08 17:38:00',20),(393,20,'Alimentation compte','rg@gmail.com','rg@gmail.com',0.10,'2022-02-08 17:38:00',20),(394,30.15,'Alimentation compte avant transfert','at@live.fr','at@live.fr',0.15,'2022-02-08 17:38:00',4),(395,30,'Premier transfert','jb@gmail.com','at@live.fr',0.15,'2022-02-08 17:38:00',4),(396,75,'cadeau anniversaire','id@gmail.com','ep@gmail.com',0.38,'2022-02-08 18:13:20',22),(397,20,'Alimentation compte','rg@gmail.com','rg@gmail.com',0.10,'2022-02-08 20:18:47',20),(398,20,'Alimentation compte','rg@gmail.com','rg@gmail.com',0.10,'2022-02-08 20:18:48',20),(399,30.15,'Alimentation compte avant transfert','at@live.fr','at@live.fr',0.15,'2022-02-08 20:18:48',4),(400,30,'Premier transfert','jb@gmail.com','at@live.fr',0.15,'2022-02-08 20:18:48',4),(401,75,'cadeau anniversaire','id@gmail.com','ep@gmail.com',0.38,'2022-02-08 20:18:48',22),(402,20,'Alimentation compte','rg@gmail.com','rg@gmail.com',0.10,'2022-02-08 20:43:07',20),(403,20,'Alimentation compte','rg@gmail.com','rg@gmail.com',0.10,'2022-02-08 20:43:07',20),(404,30.15,'Alimentation compte avant transfert','at@live.fr','at@live.fr',0.15,'2022-02-08 20:43:07',4),(405,30,'Premier transfert','jb@gmail.com','at@live.fr',0.15,'2022-02-08 20:43:08',4),(406,75,'cadeau anniversaire','id@gmail.com','ep@gmail.com',0.38,'2022-02-08 20:43:22',22),(407,20,'Alimentation compte','rg@gmail.com','rg@gmail.com',0.10,'2022-02-08 20:44:15',20),(408,20,'Alimentation compte','rg@gmail.com','rg@gmail.com',0.10,'2022-02-08 20:44:15',20),(409,30.15,'Alimentation compte avant transfert','at@live.fr','at@live.fr',0.15,'2022-02-08 20:44:15',4),(410,30,'Premier transfert','jb@gmail.com','at@live.fr',0.15,'2022-02-08 20:44:15',4),(411,75,'cadeau anniversaire','id@gmail.com','ep@gmail.com',0.38,'2022-02-08 20:44:30',22),(412,20,'Alimentation compte','rg@gmail.com','rg@gmail.com',0.10,'2022-02-08 20:56:51',20),(413,20,'Alimentation compte','rg@gmail.com','rg@gmail.com',0.10,'2022-02-08 20:56:51',20),(414,30.15,'Alimentation compte avant transfert','at@live.fr','at@live.fr',0.15,'2022-02-08 20:56:51',4),(415,30,'Premier transfert','jb@gmail.com','at@live.fr',0.15,'2022-02-08 20:56:51',4),(416,75,'cadeau anniversaire','id@gmail.com','ep@gmail.com',0.38,'2022-02-08 20:57:06',22),(417,75,'cadeau anniversaire','id@gmail.com','ep@gmail.com',0.38,'2022-02-08 22:36:13',22),(418,20,'Alimentation compte','rg@gmail.com','rg@gmail.com',0.10,'2022-02-08 22:36:13',20),(419,20,'Alimentation compte','rg@gmail.com','rg@gmail.com',0.10,'2022-02-08 22:36:13',20),(420,30.15,'Alimentation compte avant transfert','at@live.fr','at@live.fr',0.15,'2022-02-08 22:36:13',4),(421,30,'Premier transfert','jb@gmail.com','at@live.fr',0.15,'2022-02-08 22:36:13',4),(422,20,'Alimentation compte','rg@gmail.com','rg@gmail.com',0.10,'2022-02-08 22:38:20',20),(423,20,'Alimentation compte','rg@gmail.com','rg@gmail.com',0.10,'2022-02-08 22:38:20',20),(424,30.15,'Alimentation compte avant transfert','at@live.fr','at@live.fr',0.15,'2022-02-08 22:38:20',4),(425,30,'Premier transfert','jb@gmail.com','at@live.fr',0.15,'2022-02-08 22:38:20',4),(426,20,'Alimentation compte','rg@gmail.com','rg@gmail.com',0.10,'2022-02-08 22:56:14',20),(427,20,'Alimentation compte','rg@gmail.com','rg@gmail.com',0.10,'2022-02-08 22:56:14',20),(428,30.15,'Alimentation compte avant transfert','at@live.fr','at@live.fr',0.15,'2022-02-08 22:56:14',4),(429,30,'Premier transfert','jb@gmail.com','at@live.fr',0.15,'2022-02-08 22:56:14',4),(430,20,'Alimentation compte','rg@gmail.com','rg@gmail.com',0.10,'2022-02-08 23:30:03',20),(431,20,'Alimentation compte','rg@gmail.com','rg@gmail.com',0.10,'2022-02-08 23:30:03',20),(432,30.15,'Alimentation compte avant transfert','at@live.fr','at@live.fr',0.15,'2022-02-08 23:30:03',4),(433,30,'Premier transfert','jb@gmail.com','at@live.fr',0.15,'2022-02-08 23:30:03',4),(434,20,'Alimentation compte','rg@gmail.com','rg@gmail.com',0.10,'2022-02-08 23:54:47',20),(435,20,'Alimentation compte','rg@gmail.com','rg@gmail.com',0.10,'2022-02-08 23:54:47',20),(436,30.15,'Alimentation compte avant transfert','at@live.fr','at@live.fr',0.15,'2022-02-08 23:54:48',4),(437,30,'Premier transfert','jb@gmail.com','at@live.fr',0.15,'2022-02-08 23:54:48',4),(438,20,'Alimentation compte','rg@gmail.com','rg@gmail.com',0.10,'2022-02-08 23:59:59',20),(439,20,'Alimentation compte','rg@gmail.com','rg@gmail.com',0.10,'2022-02-09 00:00:00',20),(440,30.15,'Alimentation compte avant transfert','at@live.fr','at@live.fr',0.15,'2022-02-09 00:00:00',4),(441,30,'Premier transfert','jb@gmail.com','at@live.fr',0.15,'2022-02-09 00:00:00',4),(442,20,'Alimentation compte','rg@gmail.com','rg@gmail.com',0.10,'2022-02-09 00:16:04',20),(443,20,'Alimentation compte','rg@gmail.com','rg@gmail.com',0.10,'2022-02-09 00:16:05',20),(444,30.15,'Alimentation compte avant transfert','at@live.fr','at@live.fr',0.15,'2022-02-09 00:16:05',4),(445,30,'Premier transfert','jb@gmail.com','at@live.fr',0.15,'2022-02-09 00:16:05',4),(446,20,'Alimentation compte','rg@gmail.com','rg@gmail.com',0.10,'2022-02-09 00:23:54',20),(447,20,'Alimentation compte','rg@gmail.com','rg@gmail.com',0.10,'2022-02-09 00:23:54',20),(448,30.15,'Alimentation compte avant transfert','at@live.fr','at@live.fr',0.15,'2022-02-09 00:23:54',4),(449,30,'Premier transfert','jb@gmail.com','at@live.fr',0.15,'2022-02-09 00:23:54',4),(450,20,'Alimentation compte','rg@gmail.com','rg@gmail.com',0.10,'2022-02-10 19:32:02',20),(451,20,'Alimentation compte','rg@gmail.com','rg@gmail.com',0.10,'2022-02-10 19:32:03',20),(452,30.15,'Alimentation compte avant transfert','at@live.fr','at@live.fr',0.15,'2022-02-10 19:32:03',4),(453,30,'Premier transfert','jb@gmail.com','at@live.fr',0.15,'2022-02-10 19:32:03',4),(454,20,'Alimentation compte','rg@gmail.com','rg@gmail.com',0.10,'2022-02-10 19:44:10',20),(455,20,'Alimentation compte','rg@gmail.com','rg@gmail.com',0.10,'2022-02-10 19:44:10',20),(456,30.15,'Alimentation compte avant transfert','at@live.fr','at@live.fr',0.15,'2022-02-10 19:44:10',4),(457,30,'Premier transfert','jb@gmail.com','at@live.fr',0.15,'2022-02-10 19:44:10',4),(458,12,'taxi','id@gmail.com','mb@gmail.com',0.06,'2022-02-10 20:52:34',107),(459,20,'Alimentation compte','rg@gmail.com','rg@gmail.com',0.10,'2022-02-15 12:23:16',20),(460,20,'Alimentation compte','rg@gmail.com','rg@gmail.com',0.10,'2022-02-15 12:23:17',20),(461,30.15,'Alimentation compte avant transfert','at@live.fr','at@live.fr',0.15,'2022-02-15 12:23:17',4),(462,30,'Premier transfert','jb@gmail.com','at@live.fr',0.15,'2022-02-15 12:23:17',4),(463,20,'Alimentation compte','rg@gmail.com','rg@gmail.com',0.10,'2022-02-15 12:30:18',20),(464,20,'Alimentation compte','rg@gmail.com','rg@gmail.com',0.10,'2022-02-15 12:30:19',20),(465,30.15,'Alimentation compte avant transfert','at@live.fr','at@live.fr',0.15,'2022-02-15 12:30:19',4),(466,30,'Premier transfert','jb@gmail.com','at@live.fr',0.15,'2022-02-15 12:30:19',4);
/*!40000 ALTER TABLE `transaction` ENABLE KEYS */;
UNLOCK TABLES;

--
-- Table structure for table `user`
--

DROP TABLE IF EXISTS `user`;
/*!40101 SET @saved_cs_client     = @@character_set_client */;
/*!50503 SET character_set_client = utf8mb4 */;
CREATE TABLE `user` (
  `user_id` int NOT NULL AUTO_INCREMENT,
  `address` varchar(255) CHARACTER SET utf8mb4 COLLATE utf8mb4_0900_ai_ci DEFAULT NULL,
  `birth_date` date NOT NULL,
  `country` varchar(255) CHARACTER SET utf8mb4 COLLATE utf8mb4_0900_ai_ci DEFAULT NULL,
  `first_name` varchar(255) CHARACTER SET utf8mb4 COLLATE utf8mb4_0900_ai_ci DEFAULT NULL,
  `last_name` varchar(255) CHARACTER SET utf8mb4 COLLATE utf8mb4_0900_ai_ci DEFAULT NULL,
  PRIMARY KEY (`user_id`)
) ENGINE=InnoDB AUTO_INCREMENT=139 DEFAULT CHARSET=utf8mb3;
/*!40101 SET character_set_client = @saved_cs_client */;

--
-- Dumping data for table `user`
--

LOCK TABLES `user` WRITE;
/*!40000 ALTER TABLE `user` DISABLE KEYS */;
INSERT INTO `user` VALUES (1,'77 Ave saint germain 77600 maison laffitte','1989-04-21','France','Alain','Leriche'),(2,'8 rue Marcadet 75018 Paris','2000-08-30','France','James','Boyd'),(3,'4 Rue Labas 75018 Paris','2008-01-25','France','John','Doe'),(4,'5 Rue Poissonnier 75018 Paris','2006-03-26','France','Ahlan','Tari'),(5,'5 Rue Poissonnier 75018 Paris','2006-03-26','France','Tessa','Carman'),(6,'10 Rue Bremontier 75017 Paris','1985-06-03','France','Smith','Jane'),(19,'77 Ave saint germain 77600 maison laffitte','1989-04-21','France','Mon','Ami'),(20,'42 Rue des Huleux 93240 Stains','2008-08-21','France','Rayane','Guerfi'),(21,'10 Rue orleans 75012 Paris','1976-05-09','France','Hermane','Courvoisier'),(22,'10 Rue orleans 75012 Paris','1976-05-09','France','Elsa','Pichereau'),(23,'xxxxxxx','1999-09-10','France','Admin','Admin'),(24,'13 Rue de Londre 75008 Paris','1950-05-12','France','Isabelle','Ducorbier'),(107,'5 Avenue du Général De Gaulle 78600 Maison Laffitte ','1973-05-11','France','Marie','Baudrous'),(108,'8 Rue de St Petersbourg 75008 Paris','1970-03-07','France','Lissette','Camacho'),(109,'Zone Industrielle 78000 Yvelynes','1971-11-19','France','Delphine','Mcintoch'),(110,'6 RUE DES PORTES BLANCHES','2000-12-12','france','ali','jibo'),(111,'15 rue MontMartre 75019 Paris','1982-06-12','France','Dupont','Sylvia'),(138,'5 Avenue du Général De Gaulle 78600 Maison Laffitte ','1973-05-09','France','Marie','Billard');
/*!40000 ALTER TABLE `user` ENABLE KEYS */;
UNLOCK TABLES;
/*!40103 SET TIME_ZONE=@OLD_TIME_ZONE */;

/*!40101 SET SQL_MODE=@OLD_SQL_MODE */;
/*!40014 SET FOREIGN_KEY_CHECKS=@OLD_FOREIGN_KEY_CHECKS */;
/*!40014 SET UNIQUE_CHECKS=@OLD_UNIQUE_CHECKS */;
/*!40101 SET CHARACTER_SET_CLIENT=@OLD_CHARACTER_SET_CLIENT */;
/*!40101 SET CHARACTER_SET_RESULTS=@OLD_CHARACTER_SET_RESULTS */;
/*!40101 SET COLLATION_CONNECTION=@OLD_COLLATION_CONNECTION */;
/*!40111 SET SQL_NOTES=@OLD_SQL_NOTES */;

-- Dump completed on 2022-02-15 20:54:32
